geo,name,four_regions,eight_regions,six_regions,members_oecd_g77,latitude,longitude,un_member_since,world_bank_region,world_bank_4_income_groups_2017,world_bank_3_income_groups_2017,location
afg,Afghanistan,asia,asia_west,south_asia,g77,33,66,1946-11-19,South Asia,Low income,,POINT(66 33)
alb,Albania,europe,europe_east,europe_central_asia,others,41,20,1955-12-14,Europe & Central Asia,Upper middle income,,POINT(20 41)
dza,Algeria,africa,africa_north,middle_east_north_africa,g77,28,3,1962-10-08,Middle East & North Africa,Upper middle income,,POINT(3 28)
and,Andorra,europe,europe_west,europe_central_asia,others,42.50779,1.52109,1993-07-28,Europe & Central Asia,High income,,POINT(1.52109 42.50779)
ago,Angola,africa,africa_sub_saharan,sub_saharan_africa,g77,-12.5,18.5,1976-12-01,Sub-Saharan Africa,Lower middle income,,POINT(18.5 -12.5)
atg,Antigua and Barbuda,americas,america_north,america,g77,17.05,-61.8,1981-11-11,Latin America & Caribbean,High income,,POINT(-61.8 17.05)
arg,Argentina,americas,america_south,america,g77,-34,-64,1945-10-24,Latin America & Caribbean,Upper middle income,,POINT(-64 -34)
arm,Armenia,europe,europe_east,europe_central_asia,others,40.25,45,1992-03-02,Europe & Central Asia,Lower middle income,,POINT(45 40.25)
aus,Australia,asia,east_asia_pacific,east_asia_pacific,oecd,-25,135,1945-11-01,East Asia & Pacific,High income,,POINT(135 -25)
aut,Austria,europe,europe_west,europe_central_asia,oecd,47.33333,13.33333,1955-12-14,Europe & Central Asia,High income,,POINT(13.33333 47.33333)
aze,Azerbaijan,europe,europe_east,europe_central_asia,others,40.5,47.5,1992-03-02,Europe & Central Asia,Upper middle income,,POINT(47.5 40.5)
bhs,Bahamas,americas,america_north,america,g77,25.04082,-77.37122,1973-08-18,Latin America & Caribbean,High income,,POINT(-77.37122 25.04082)
bhr,Bahrain,asia,asia_west,middle_east_north_africa,g77,26.03333,50.55,1971-09-21,Middle East & North Africa,High income,,POINT(50.55 26.03333)
bgd,Bangladesh,asia,asia_west,south_asia,g77,24,90,1974-09-17,South Asia,Lower middle income,,POINT(90 24)
brb,Barbados,americas,america_north,america,g77,13.16667,-59.53333,1966-12-09,Latin America & Caribbean,High income,,POINT(-59.53333 13.16667)
blr,Belarus,europe,europe_east,europe_central_asia,others,53,28,1945-10-24,Europe & Central Asia,Upper middle income,,POINT(28 53)
bel,Belgium,europe,europe_west,europe_central_asia,oecd,50.75,4.5,1945-12-27,Europe & Central Asia,High income,,POINT(4.5 50.75)
blz,Belize,americas,america_north,america,g77,17.49952,-88.19756,1981-09-25,Latin America & Caribbean,Upper middle income,,POINT(-88.19756 17.49952)
ben,Benin,africa,africa_sub_saharan,sub_saharan_africa,g77,9.5,2.25,1960-09-20,Sub-Saharan Africa,Low income,,POINT(2.25 9.5)
btn,Bhutan,asia,asia_west,south_asia,g77,27.5,90.5,1971-09-21,South Asia,Lower middle income,,POINT(90.5 27.5)
bol,Bolivia,americas,america_south,america,g77,-17,-65,1945-11-14,Latin America & Caribbean,Lower middle income,,POINT(-65 -17)
bih,Bosnia and Herzegovina,europe,europe_east,europe_central_asia,g77,44.25,17.83333,1992-05-22,Europe & Central Asia,Upper middle income,,POINT(17.83333 44.25)
bwa,Botswana,africa,africa_sub_saharan,sub_saharan_africa,g77,-22,24,1966-10-17,Sub-Saharan Africa,Upper middle income,,POINT(24 -22)
bra,Brazil,americas,america_south,america,g77,-10,-55,1945-10-24,Latin America & Caribbean,Upper middle income,,POINT(-55 -10)
brn,Brunei,asia,east_asia_pacific,east_asia_pacific,g77,4.5,114.66667,1984-09-21,East Asia & Pacific,High income,,POINT(114.66667 4.5)
bgr,Bulgaria,europe,europe_east,europe_central_asia,others,42.66667,25.25,1955-12-14,Europe & Central Asia,Upper middle income,,POINT(25.25 42.66667)
bfa,Burkina Faso,africa,africa_sub_saharan,sub_saharan_africa,g77,12.5,-1.66667,1960-09-20,Sub-Saharan Africa,Low income,,POINT(-1.66667 12.5)
bdi,Burundi,africa,africa_sub_saharan,sub_saharan_africa,g77,-3.5,30,1962-09-18,Sub-Saharan Africa,Low income,,POINT(30 -3.5)
khm,Cambodia,asia,east_asia_pacific,east_asia_pacific,g77,13,105,1955-12-14,East Asia & Pacific,Lower middle income,,POINT(105 13)
cmr,Cameroon,africa,africa_sub_saharan,sub_saharan_africa,g77,6,12.5,1960-09-20,Sub-Saharan Africa,Lower middle income,,POINT(12.5 6)
can,Canada,americas,america_north,america,oecd,60.10867,-113.64258,1945-11-09,North America,High income,,POINT(-113.64258 60.10867)
cpv,Cape Verde,africa,africa_sub_saharan,sub_saharan_africa,g77,16,-24,1975-09-16,Sub-Saharan Africa,Lower middle income,,POINT(-24 16)
caf,Central African Republic,africa,africa_sub_saharan,sub_saharan_africa,g77,7,21,1960-09-20,Sub-Saharan Africa,Low income,,POINT(21 7)
tcd,Chad,africa,africa_sub_saharan,sub_saharan_africa,g77,15,19,1960-09-20,Sub-Saharan Africa,Low income,,POINT(19 15)
chl,Chile,americas,america_south,america,g77,-33.45694,-70.64827,1945-10-24,Latin America & Caribbean,High income,,POINT(-70.64827 -33.45694)
chn,China,asia,east_asia_pacific,east_asia_pacific,g77,35,105,1945-10-24,East Asia & Pacific,Upper middle income,,POINT(105 35)
col,Colombia,americas,america_south,america,g77,4,-73.25,1945-11-05,Latin America & Caribbean,Upper middle income,,POINT(-73.25 4)
com,Comoros,africa,africa_sub_saharan,sub_saharan_africa,g77,-12.23333,44.44553,1975-11-12,Sub-Saharan Africa,Low income,,POINT(44.44553 -12.23333)
cod,"Congo, Dem. Rep.",africa,africa_sub_saharan,sub_saharan_africa,g77,-2.5,23.5,1960-09-20,Sub-Saharan Africa,Low income,,POINT(23.5 -2.5)
cog,"Congo, Rep.",africa,africa_sub_saharan,sub_saharan_africa,g77,-1,15.5,1960-09-20,Sub-Saharan Africa,Lower middle income,,POINT(15.5 -1)
cri,Costa Rica,americas,america_north,america,g77,10,-84,1945-11-02,Latin America & Caribbean,Upper middle income,,POINT(-84 10)
civ,Cote d'Ivoire,africa,africa_sub_saharan,sub_saharan_africa,g77,8,-5.5,1960-09-20,Sub-Saharan Africa,Lower middle income,,POINT(-5.5 8)
hrv,Croatia,europe,europe_east,europe_central_asia,others,45.16667,15.5,1992-05-22,Europe & Central Asia,Upper middle income,,POINT(15.5 45.16667)
cub,Cuba,americas,america_north,america,g77,22,-79.5,1945-10-24,Latin America & Caribbean,Upper middle income,,POINT(-79.5 22)
cyp,Cyprus,europe,europe_west,europe_central_asia,others,35,33,1960-09-20,Europe & Central Asia,High income,,POINT(33 35)
cze,Czech Republic,europe,europe_east,europe_central_asia,oecd,49.75,15,1993-01-19,Europe & Central Asia,High income,,POINT(15 49.75)
dnk,Denmark,europe,europe_west,europe_central_asia,oecd,56,10,1945-10-24,Europe & Central Asia,High income,,POINT(10 56)
dji,Djibouti,africa,africa_north,middle_east_north_africa,g77,11.58901,43.14503,1977-09-20,Middle East & North Africa,Lower middle income,,POINT(43.14503 11.58901)
dma,Dominica,americas,america_north,america,g77,15.5,-61.33333,1978-12-18,Latin America & Caribbean,Upper middle income,,POINT(-61.33333 15.5)
dom,Dominican Republic,americas,america_north,america,g77,19,-70.66667,1945-10-24,Latin America & Caribbean,Upper middle income,,POINT(-70.66667 19)
ecu,Ecuador,americas,america_south,america,g77,-1.25,-78.25,1945-12-21,Latin America & Caribbean,Upper middle income,,POINT(-78.25 -1.25)
egy,Egypt,africa,africa_north,middle_east_north_africa,g77,27,30,1945-10-24,Middle East & North Africa,Lower middle income,,POINT(30 27)
slv,El Salvador,americas,america_north,america,g77,13.83333,-88.91667,1945-10-24,Latin America & Caribbean,Lower middle income,,POINT(-88.91667 13.83333)
gnq,Equatorial Guinea,africa,africa_sub_saharan,sub_saharan_africa,g77,1.7,10.5,1968-11-12,Sub-Saharan Africa,Upper middle income,,POINT(10.5 1.7)
eri,Eritrea,africa,africa_sub_saharan,sub_saharan_africa,g77,15,39,1993-05-28,Sub-Saharan Africa,Low income,,POINT(39 15)
est,Estonia,europe,europe_east,europe_central_asia,others,59,26,1991-09-17,Europe & Central Asia,High income,,POINT(26 59)
eth,Ethiopia,africa,africa_sub_saharan,sub_saharan_africa,g77,9,39.5,1945-11-13,Sub-Saharan Africa,Low income,,POINT(39.5 9)
fji,Fiji,asia,east_asia_pacific,east_asia_pacific,g77,-18,178,1970-10-13,East Asia & Pacific,Upper middle income,,POINT(178 -18)
fin,Finland,europe,europe_east,europe_central_asia,oecd,64,26,1955-12-14,Europe & Central Asia,High income,,POINT(26 64)
fra,France,europe,europe_west,europe_central_asia,oecd,46,2,1945-10-24,Europe & Central Asia,High income,,POINT(2 46)
gab,Gabon,africa,africa_sub_saharan,sub_saharan_africa,g77,-1,11.75,1960-09-20,Sub-Saharan Africa,Upper middle income,,POINT(11.75 -1)
gmb,Gambia,africa,africa_sub_saharan,sub_saharan_africa,g77,13.5,-15.5,1965-09-21,Sub-Saharan Africa,Low income,,POINT(-15.5 13.5)
geo,Georgia,europe,europe_east,europe_central_asia,others,41.99998,43.4999,1992-07-31,Europe & Central Asia,Lower middle income,,POINT(43.4999 41.99998)
deu,Germany,europe,europe_west,europe_central_asia,oecd,51.5,10.5,1973-09-18,Europe & Central Asia,High income,,POINT(10.5 51.5)
gha,Ghana,africa,africa_sub_saharan,sub_saharan_africa,g77,8.1,-1.2,1957-03-08,Sub-Saharan Africa,Lower middle income,,POINT(-1.2 8.1)
grc,Greece,europe,europe_west,europe_central_asia,oecd,39,22,1945-10-25,Europe & Central Asia,High income,,POINT(22 39)
grd,Grenada,americas,america_north,america,g77,12.11667,-61.66667,1974-09-17,Latin America & Caribbean,Upper middle income,,POINT(-61.66667 12.11667)
gtm,Guatemala,americas,america_north,america,g77,14.64072,-90.51327,1945-11-21,Latin America & Caribbean,Lower middle income,,POINT(-90.51327 14.64072)
gin,Guinea,africa,africa_sub_saharan,sub_saharan_africa,g77,10.83333,-10.66667,1958-12-12,Sub-Saharan Africa,Low income,,POINT(-10.66667 10.83333)
gnb,Guinea-Bissau,africa,africa_sub_saharan,sub_saharan_africa,g77,12,-15,1974-09-17,Sub-Saharan Africa,Low income,,POINT(-15 12)
guy,Guyana,americas,america_south,america,g77,5,-59,1966-09-20,Latin America & Caribbean,Upper middle income,,POINT(-59 5)
hti,Haiti,americas,america_north,america,g77,19,-72.41667,1945-10-24,Latin America & Caribbean,Low income,,POINT(-72.41667 19)
hos,Holy See,europe,europe_west,europe_central_asia,others,41.90236,12.45332,,,,,POINT(12.45332 41.90236)
hnd,Honduras,americas,america_north,america,g77,15,-86.5,1945-12-17,Latin America & Caribbean,Lower middle income,,POINT(-86.5 15)
hkg,"Hong Kong, China",asia,east_asia_pacific,east_asia_pacific,others,22.28552,114.15769,,East Asia & Pacific,High income,,POINT(114.15769 22.28552)
hun,Hungary,europe,europe_east,europe_central_asia,oecd,47,20,1955-12-14,Europe & Central Asia,High income,,POINT(20 47)
isl,Iceland,europe,europe_west,europe_central_asia,oecd,65,-18,1946-11-19,Europe & Central Asia,High income,,POINT(-18 65)
ind,India,asia,asia_west,south_asia,g77,22,79,1945-10-30,South Asia,Lower middle income,,POINT(79 22)
idn,Indonesia,asia,east_asia_pacific,east_asia_pacific,g77,-5,120,1950-09-28,East Asia & Pacific,Lower middle income,,POINT(120 -5)
irn,Iran,asia,asia_west,middle_east_north_africa,g77,32,53,1945-10-24,Middle East & North Africa,Upper middle income,,POINT(53 32)
irq,Iraq,asia,asia_west,middle_east_north_africa,g77,33,44,1945-12-21,Middle East & North Africa,Upper middle income,,POINT(44 33)
irl,Ireland,europe,europe_west,europe_central_asia,oecd,53,-8,1955-12-14,Europe & Central Asia,High income,,POINT(-8 53)
isr,Israel,asia,asia_west,middle_east_north_africa,others,31.5,34.75,1949-05-11,Middle East & North Africa,High income,,POINT(34.75 31.5)
ita,Italy,europe,europe_west,europe_central_asia,oecd,42.83333,12.83333,1955-12-14,Europe & Central Asia,High income,,POINT(12.83333 42.83333)
jam,Jamaica,americas,america_north,america,g77,18.16667,-77.25,1962-09-18,Latin America & Caribbean,Upper middle income,,POINT(-77.25 18.16667)
jpn,Japan,asia,east_asia_pacific,east_asia_pacific,oecd,35.68536,139.75309,1956-12-18,East Asia & Pacific,High income,,POINT(139.75309 35.68536)
jor,Jordan,asia,asia_west,middle_east_north_africa,g77,31,36,1955-12-14,Middle East & North Africa,Lower middle income,,POINT(36 31)
kaz,Kazakhstan,asia,asia_west,europe_central_asia,others,48,68,1992-03-02,Europe & Central Asia,Upper middle income,,POINT(68 48)
ken,Kenya,africa,africa_sub_saharan,sub_saharan_africa,g77,1,38,1963-12-16,Sub-Saharan Africa,Lower middle income,,POINT(38 1)
kir,Kiribati,asia,east_asia_pacific,east_asia_pacific,others,1.421,172.984,1999-09-14,East Asia & Pacific,Lower middle income,,POINT(172.984 1.421)
prk,North Korea,asia,east_asia_pacific,east_asia_pacific,g77,40,127,1991-09-17,East Asia & Pacific,Low income,,POINT(127 40)
kor,South Korea,asia,east_asia_pacific,east_asia_pacific,oecd,36.5,127.75,1991-09-17,East Asia & Pacific,High income,,POINT(127.75 36.5)
kwt,Kuwait,asia,asia_west,middle_east_north_africa,g77,29.36972,47.97833,1963-05-14,Middle East & North Africa,High income,,POINT(47.97833 29.36972)
kgz,Kyrgyz Republic,asia,asia_west,europe_central_asia,others,41.5,75,1992-03-02,Europe & Central Asia,Lower middle income,,POINT(75 41.5)
lao,Lao,asia,east_asia_pacific,east_asia_pacific,g77,18,105,1955-12-14,East Asia & Pacific,Lower middle income,,POINT(105 18)
lva,Latvia,europe,europe_east,europe_central_asia,others,57,25,1991-09-17,Europe & Central Asia,High income,,POINT(25 57)
lbn,Lebanon,asia,asia_west,middle_east_north_africa,g77,33.83333,35.83333,1945-10-24,Middle East & North Africa,Upper middle income,,POINT(35.83333 33.83333)
lso,Lesotho,africa,africa_sub_saharan,sub_saharan_africa,g77,-29.5,28.25,1966-10-17,Sub-Saharan Africa,Lower middle income,,POINT(28.25 -29.5)
lbr,Liberia,africa,africa_sub_saharan,sub_saharan_africa,g77,6.5,-9.5,1945-11-02,Sub-Saharan Africa,Low income,,POINT(-9.5 6.5)
lby,Libya,africa,africa_north,middle_east_north_africa,g77,28,17,1955-12-14,Middle East & North Africa,Upper middle income,,POINT(17 28)
lie,Liechtenstein,europe,europe_west,europe_central_asia,others,47.16667,9.53333,1990-09-18,Europe & Central Asia,High income,,POINT(9.53333 47.16667)
ltu,Lithuania,europe,europe_east,europe_central_asia,others,55.41667,24,1991-09-17,Europe & Central Asia,High income,,POINT(24 55.41667)
lux,Luxembourg,europe,europe_west,europe_central_asia,oecd,49.61167,6.13,1945-10-24,Europe & Central Asia,High income,,POINT(6.13 49.61167)
mkd,"Macedonia, FYR",europe,europe_east,europe_central_asia,others,41.66667,21.75,1993-04-08,Europe & Central Asia,Upper middle income,,POINT(21.75 41.66667)
mdg,Madagascar,africa,africa_sub_saharan,sub_saharan_africa,g77,-20,47,1960-09-20,Sub-Saharan Africa,Low income,,POINT(47 -20)
mwi,Malawi,africa,africa_sub_saharan,sub_saharan_africa,g77,-13.5,34,1964-12-01,Sub-Saharan Africa,Low income,,POINT(34 -13.5)
mys,Malaysia,asia,east_asia_pacific,east_asia_pacific,g77,2.5,112.5,1957-09-17,East Asia & Pacific,Upper middle income,,POINT(112.5 2.5)
mdv,Maldives,asia,asia_west,south_asia,g77,3.2,73,1965-09-21,South Asia,Upper middle income,,POINT(73 3.2)
mli,Mali,africa,africa_sub_saharan,sub_saharan_africa,g77,18,-2,1960-09-28,Sub-Saharan Africa,Low income,,POINT(-2 18)
mlt,Malta,europe,europe_west,europe_central_asia,others,35.91667,14.43333,1964-12-01,Middle East & North Africa,High income,,POINT(14.43333 35.91667)
mhl,Marshall Islands,asia,east_asia_pacific,east_asia_pacific,g77,7.113,171.236,1991-09-17,East Asia & Pacific,Upper middle income,,POINT(171.236 7.113)
mrt,Mauritania,africa,africa_sub_saharan,sub_saharan_africa,g77,20.25,-10.5,1961-10-27,Sub-Saharan Africa,Lower middle income,,POINT(-10.5 20.25)
mus,Mauritius,africa,africa_sub_saharan,sub_saharan_africa,g77,-20.3,57.58333,1968-04-24,Sub-Saharan Africa,Upper middle income,,POINT(57.58333 -20.3)
mex,Mexico,americas,america_north,america,oecd,19.42847,-99.12766,1945-11-07,Latin America & Caribbean,Upper middle income,,POINT(-99.12766 19.42847)
fsm,"Micronesia, Fed. Sts.",asia,east_asia_pacific,east_asia_pacific,g77,6.924,158.162,1991-09-17,East Asia & Pacific,Lower middle income,,POINT(158.162 6.924)
mda,Moldova,europe,europe_east,europe_central_asia,others,47.25,28.58333,1992-03-02,Europe & Central Asia,Lower middle income,,POINT(28.58333 47.25)
mco,Monaco,europe,europe_west,europe_central_asia,others,43.73333,7.41667,1993-05-28,Europe & Central Asia,High income,,POINT(7.41667 43.73333)
mng,Mongolia,asia,east_asia_pacific,east_asia_pacific,g77,46,105,1961-10-27,East Asia & Pacific,Lower middle income,,POINT(105 46)
mne,Montenegro,europe,europe_east,europe_central_asia,others,42.75,19.25,2006-06-28,Europe & Central Asia,Upper middle income,,POINT(19.25 42.75)
mar,Morocco,africa,africa_north,middle_east_north_africa,g77,32,-6,1956-11-12,Middle East & North Africa,Lower middle income,,POINT(-6 32)
moz,Mozambique,africa,africa_sub_saharan,sub_saharan_africa,g77,-18.25,35,1975-09-16,Sub-Saharan Africa,Low income,,POINT(35 -18.25)
mmr,Myanmar,asia,east_asia_pacific,east_asia_pacific,g77,21,96,1948-04-19,East Asia & Pacific,Lower middle income,,POINT(96 21)
nam,Namibia,africa,africa_sub_saharan,sub_saharan_africa,g77,-22,17,1990-04-23,Sub-Saharan Africa,Upper middle income,,POINT(17 -22)
nru,Nauru,asia,east_asia_pacific,east_asia_pacific,others,-0.517,166.933,1999-09-14,East Asia & Pacific,Upper middle income,,POINT(166.933 -0.517)
npl,Nepal,asia,asia_west,south_asia,g77,28,84,1955-12-14,South Asia,Low income,,POINT(84 28)
nld,Netherlands,europe,europe_west,europe_central_asia,oecd,52.25,5.75,1945-12-10,Europe & Central Asia,High income,,POINT(5.75 52.25)
nzl,New Zealand,asia,east_asia_pacific,east_asia_pacific,oecd,-42,174,1945-10-24,East Asia & Pacific,High income,,POINT(174 -42)
nic,Nicaragua,americas,america_north,america,g77,13,-85,1945-10-24,Latin America & Caribbean,Lower middle income,,POINT(-85 13)
ner,Niger,africa,africa_sub_saharan,sub_saharan_africa,g77,18,9,1960-09-20,Sub-Saharan Africa,Low income,,POINT(9 18)
nga,Nigeria,africa,africa_sub_saharan,sub_saharan_africa,g77,10,8,1960-10-07,Sub-Saharan Africa,Lower middle income,,POINT(8 10)
nor,Norway,europe,europe_west,europe_central_asia,oecd,62,10,1945-11-27,Europe & Central Asia,High income,,POINT(10 62)
omn,Oman,asia,asia_west,middle_east_north_africa,g77,21,57,1971-10-07,Middle East & North Africa,High income,,POINT(57 21)
pak,Pakistan,asia,asia_west,south_asia,g77,30,70,1947-09-30,South Asia,Lower middle income,,POINT(70 30)
plw,Palau,asia,east_asia_pacific,east_asia_pacific,others,7.503,134.621,1994-12-15,East Asia & Pacific,High income,,POINT(134.621 7.503)
pan,Panama,americas,america_north,america,g77,8.9936,-79.51973,1945-11-13,Latin America & Caribbean,Upper middle income,,POINT(-79.51973 8.9936)
png,Papua New Guinea,asia,east_asia_pacific,east_asia_pacific,g77,-6,147,1975-10-10,East Asia & Pacific,Lower middle income,,POINT(147 -6)
pry,Paraguay,americas,america_south,america,g77,-23.33333,-58,1945-10-24,Latin America & Caribbean,Upper middle income,,POINT(-58 -23.33333)
per,Peru,americas,america_south,america,g77,-10,-75.25,1945-10-31,Latin America & Caribbean,Upper middle income,,POINT(-75.25 -10)
phl,Philippines,asia,east_asia_pacific,east_asia_pacific,g77,13,122,1945-10-24,East Asia & Pacific,Lower middle income,,POINT(122 13)
pol,Poland,europe,europe_west,europe_central_asia,oecd,52,20,1945-10-24,Europe & Central Asia,High income,,POINT(20 52)
prt,Portugal,europe,europe_west,europe_central_asia,oecd,39.6945,-8.13057,1955-12-14,Europe & Central Asia,High income,,POINT(-8.13057 39.6945)
qat,Qatar,asia,asia_west,middle_east_north_africa,g77,25.27932,51.52245,1971-09-21,Middle East & North Africa,High income,,POINT(51.52245 25.27932)
rou,Romania,europe,europe_east,europe_central_asia,others,46,25,1955-12-14,Europe & Central Asia,Upper middle income,,POINT(25 46)
rus,Russia,europe,europe_east,europe_central_asia,others,60,100,1945-10-24,Europe & Central Asia,Upper middle income,,POINT(100 60)
rwa,Rwanda,africa,africa_sub_saharan,sub_saharan_africa,g77,-2,30,1962-09-18,Sub-Saharan Africa,Low income,,POINT(30 -2)
kna,St. Kitts and Nevis,americas,america_north,america,g77,17.33333,-62.75,1983-09-23,Latin America & Caribbean,High income,,POINT(-62.75 17.33333)
lca,St. Lucia,americas,america_north,america,g77,13.88333,-60.96667,1979-09-18,Latin America & Caribbean,Upper middle income,,POINT(-60.96667 13.88333)
vct,St. Vincent and the Grenadines,americas,america_north,america,g77,13.08333,-61.2,1980-09-16,Latin America & Caribbean,Upper middle income,,POINT(-61.2 13.08333)
wsm,Samoa,asia,east_asia_pacific,east_asia_pacific,g77,-13.8,-172.13333,1976-12-15,East Asia & Pacific,Upper middle income,,POINT(-172.13333 -13.8)
smr,San Marino,europe,europe_west,europe_central_asia,others,43.93667,12.44639,1992-03-02,Europe & Central Asia,High income,,POINT(12.44639 43.93667)
stp,Sao Tome and Principe,africa,africa_sub_saharan,sub_saharan_africa,g77,1,7,1975-09-16,Sub-Saharan Africa,Lower middle income,,POINT(7 1)
sau,Saudi Arabia,asia,asia_west,middle_east_north_africa,g77,25,45,1945-10-24,Middle East & North Africa,High income,,POINT(45 25)
sen,Senegal,africa,africa_sub_saharan,sub_saharan_africa,g77,14.5,-14.25,1960-09-28,Sub-Saharan Africa,Low income,,POINT(-14.25 14.5)
srb,Serbia,europe,europe_east,europe_central_asia,others,44.81892,20.45998,2000-11-01,Europe & Central Asia,Upper middle income,,POINT(20.45998 44.81892)
syc,Seychelles,africa,africa_sub_saharan,sub_saharan_africa,g77,-4.58333,55.66667,1976-09-21,Sub-Saharan Africa,High income,,POINT(55.66667 -4.58333)
sle,Sierra Leone,africa,africa_sub_saharan,sub_saharan_africa,g77,8.5,-11.5,1961-09-27,Sub-Saharan Africa,Low income,,POINT(-11.5 8.5)
sgp,Singapore,asia,east_asia_pacific,east_asia_pacific,g77,1.28967,103.85007,1965-09-21,East Asia & Pacific,High income,,POINT(103.85007 1.28967)
svk,Slovak Republic,europe,europe_east,europe_central_asia,oecd,48.66667,19.5,1993-01-19,Europe & Central Asia,High income,,POINT(19.5 48.66667)
svn,Slovenia,europe,europe_east,europe_central_asia,others,46.08333,15,1992-05-22,Europe & Central Asia,High income,,POINT(15 46.08333)
slb,Solomon Islands,asia,east_asia_pacific,east_asia_pacific,g77,-8,159,1978-09-19,East Asia & Pacific,Lower middle income,,POINT(159 -8)
som,Somalia,africa,africa_sub_saharan,sub_saharan_africa,g77,6,48,1960-09-20,Sub-Saharan Africa,Low income,,POINT(48 6)
zaf,South Africa,africa,africa_sub_saharan,sub_saharan_africa,g77,-29,24,1945-11-07,Sub-Saharan Africa,Upper middle income,,POINT(24 -29)
esp,Spain,europe,europe_west,europe_central_asia,oecd,40,-4,1955-12-14,Europe & Central Asia,High income,,POINT(-4 40)
lka,Sri Lanka,asia,asia_west,south_asia,g77,7.75,80.75,1955-12-14,South Asia,Lower middle income,,POINT(80.75 7.75)
sdn,Sudan,africa,africa_sub_saharan,sub_saharan_africa,g77,16,30,1956-11-12,Sub-Saharan Africa,Lower middle income,,POINT(30 16)
sur,Suriname,americas,america_south,america,g77,4,-56,1975-12-04,Latin America & Caribbean,Upper middle income,,POINT(-56 4)
swz,Swaziland,africa,africa_sub_saharan,sub_saharan_africa,g77,-26.5,31.5,1968-09-24,Sub-Saharan Africa,Lower middle income,,POINT(31.5 -26.5)
swe,Sweden,europe,europe_west,europe_central_asia,oecd,62,15,1946-11-19,Europe & Central Asia,High income,,POINT(15 62)
che,Switzerland,europe,europe_west,europe_central_asia,oecd,47.00016,8.01427,2002-09-10,Europe & Central Asia,High income,,POINT(8.01427 47.00016)
syr,Syria,asia,asia_west,middle_east_north_africa,g77,35,38,1945-10-24,Middle East & North Africa,Lower middle income,,POINT(38 35)
twn,Taiwan,asia,east_asia_pacific,east_asia_pacific,others,24,121,,East Asia & Pacific,High income,,POINT(121 24)
tjk,Tajikistan,asia,asia_west,europe_central_asia,others,39,71,1992-03-02,Europe & Central Asia,Lower middle income,,POINT(71 39)
tza,Tanzania,africa,africa_sub_saharan,sub_saharan_africa,g77,-6,35,1961-12-14,Sub-Saharan Africa,Low income,,POINT(35 -6)
tha,Thailand,asia,east_asia_pacific,east_asia_pacific,g77,15.5,101,1946-12-16,East Asia & Pacific,Upper middle income,,POINT(101 15.5)
tls,Timor-Leste,asia,east_asia_pacific,east_asia_pacific,g77,-8.83333,125.75,2002-09-27,East Asia & Pacific,Lower middle income,,POINT(125.75 -8.83333)
tgo,Togo,africa,africa_sub_saharan,sub_saharan_africa,g77,8.66667,1.08333,1960-09-20,Sub-Saharan Africa,Low income,,POINT(1.08333 8.66667)
ton,Tonga,asia,east_asia_pacific,east_asia_pacific,g77,-20,-175,1999-09-14,East Asia & Pacific,Upper middle income,,POINT(-175 -20)
tto,Trinidad and Tobago,americas,america_north,america,g77,11,-61,1962-09-18,Latin America & Caribbean,High income,,POINT(-61 11)
tun,Tunisia,africa,africa_north,middle_east_north_africa,g77,34,9,1956-11-12,Middle East & North Africa,Lower middle income,,POINT(9 34)
tur,Turkey,europe,europe_east,europe_central_asia,oecd,39,35,1945-10-24,Europe & Central Asia,Upper middle income,,POINT(35 39)
tkm,Turkmenistan,asia,asia_west,europe_central_asia,g77,39.75,59.66667,1992-03-02,Europe & Central Asia,Upper middle income,,POINT(59.66667 39.75)
tuv,Tuvalu,asia,east_asia_pacific,east_asia_pacific,others,-8.51719,179.14478,2000-09-05,East Asia & Pacific,Upper middle income,,POINT(179.14478 -8.51719)
uga,Uganda,africa,africa_sub_saharan,sub_saharan_africa,g77,1.25,32.5,1962-10-25,Sub-Saharan Africa,Low income,,POINT(32.5 1.25)
ukr,Ukraine,europe,europe_east,europe_central_asia,others,49,32,1945-10-24,Europe & Central Asia,Lower middle income,,POINT(32 49)
are,United Arab Emirates,asia,asia_west,middle_east_north_africa,g77,23.75,54.5,1971-12-09,Middle East & North Africa,High income,,POINT(54.5 23.75)
gbr,United Kingdom,europe,europe_west,europe_central_asia,oecd,54.75844,-2.69531,1945-10-24,Europe & Central Asia,High income,,POINT(-2.69531 54.75844)
usa,United States,americas,america_north,america,oecd,39.76,-98.5,1945-10-24,North America,High income,,POINT(-98.5 39.76)
ury,Uruguay,americas,america_south,america,g77,-33,-56,1945-12-18,Latin America & Caribbean,High income,,POINT(-56 -33)
uzb,Uzbekistan,asia,asia_west,europe_central_asia,others,41.66667,63.83333,1992-03-02,Europe & Central Asia,Lower middle income,,POINT(63.83333 41.66667)
vut,Vanuatu,asia,east_asia_pacific,east_asia_pacific,g77,-16,167,1981-09-15,East Asia & Pacific,Lower middle income,,POINT(167 -16)
ven,Venezuela,americas,america_south,america,g77,8,-66,1945-11-15,Latin America & Caribbean,Upper middle income,,POINT(-66 8)
pse,Palestine,asia,asia_west,middle_east_north_africa,g77,31.92157,35.20329,,Middle East & North Africa,Lower middle income,,POINT(35.20329 31.92157)
vnm,Vietnam,asia,east_asia_pacific,east_asia_pacific,g77,16.16667,107.83333,1977-09-20,East Asia & Pacific,Lower middle income,,POINT(107.83333 16.16667)
yem,Yemen,asia,asia_west,middle_east_north_africa,g77,15.5,47.5,1947-09-30,Middle East & North Africa,Lower middle income,,POINT(47.5 15.5)
zmb,Zambia,africa,africa_sub_saharan,sub_saharan_africa,g77,-14.33333,28.5,1964-12-01,Sub-Saharan Africa,Lower middle income,,POINT(28.5 -14.33333)
zwe,Zimbabwe,africa,africa_sub_saharan,sub_saharan_africa,g77,-19,29.75,1980-08-25,Sub-Saharan Africa,Low income,,POINT(29.75 -19)
ssd,South Sudan,africa,africa_sub_saharan,sub_saharan_africa,,7.5,30,2011-07-14,Sub-Saharan Africa,Low income,,POINT(30 7.5)
